WA,ID
WA,OR
OR,ID
OR,CA
OR,NV
OR,WA
CA,OR
CA,NV
CA,AZ
ID,WA
ID,OR
ID,NV
ID,UT
ID,MT
ID,WY
NV,OR
NV,CA
NV,AZ
NV,UT
NV,ID
UT,ID
UT,NV
UT,AZ
UT,CO
UT,WY
AZ,UT
AZ,NV
AZ,CA
AZ,NM
MT,ID
MT,WY
MT,ND
MT,SD
WY,MT
WY,ID
WY,UT
WY,CO
WY,NE
WY,SD
CO,WY
CO,UT
CO,NM
CO,OK
CO,KS
CO,NE
NM,CO
NM,AZ
NM,TX
NM,OK
ND,MT
ND,SD
ND,MN
SD,ND
SD,MT
SD,WY
SD,NE
SD,IA
SD,MN
NE,SD
NE,WY
NE,CO
NE,SD
NE,MO
NE,IA
KS,NE
KS,CO
KS,OK
KS,MO
OK,KS
OK,CO
OK,NM
OK,TX
OK,AR
OK,MO
TX,OK
TX,NM
TX,LA
TX,AR
MN,ND
MN,SD
MN,IA
MN,WI
IA,MN
IA,SD
IA,NE
IA,MO
IA,IL
IA,WI
MO,IA
MO,NE
MO,KS
MO,OK
MO,AR
MO,TN
MO,KY
MO,IL
AR,MO
AR,OK
AR,TX
AR,LA
AR,MS
AR,TN
LA,AR
LA,TX
LA,MS
WI,MN
WI,IA
WI,IL
WI,MI
IL,WI
IL,IA
IL,MO
IL,KY
IL,IN
MS,TN
MS,AR
MS,LA
MS,AL
MI,WI
MI,IN
MI,OH
IN,MI
IN,IL
IN,KY
IN,OH
KY,IN
KY,IL
KY,MO
KY,TN
KY,VA
KY,WV
KY,OH
TN,KY
TN,MO
TN,AR
TN,MS
TN,AL
TN,GA
TN,NC
TN,VA
AL,TN
AL,MS
AL,FL
AL,GA
OH,MI
OH,IN
OH,KY
OH,WV
OH,PA
WV,OH
WV,KY
WV,VA
WV,MD
WV,PA
VA,MD
VA,WV
VA,KY
VA,TN
VA,NC
NC,VA
NC,TN
NC,GA
NC,SC
SC,NC
SC,GA
GA,NC
GA,TN
GA,AL
GA,FL
GA,SC
FL,GA
FL,AL
MD,PA
MD,WV
MD,VA
MD,DE
DE,MD
DE,NJ
PA,NY
PA,OH
PA,WV
PA,MD
PA,DE
PA,NJ
NJ,NY
NJ,PA
NJ,DE
NY,PA
NY,NJ
NY,CT
NY,MA
NY,VT
CT,MA
CT,NY
CT,RI
RI,CT
RI,MA
MA,VT
MA,NY
MA,CT
MA,RI
MA,NH
VT,NY
VT,MA
VT,NH
NH,VT
NH,MA
NH,ME
ME,NH
